arm,epoch_attempt,accepted,committed_tuning_objective,cumulative_training_seconds,cumulative_tuning_search_evaluations
baseline_adaptive,0,,2.694956319408122,,1
baseline_adaptive,1,True,2.6484994054726307,18.33165532699786,8
baseline_adaptive,2,True,2.620287880631912,23.422367641935125,15
baseline_adaptive,3,True,2.605414248068013,28.486656876048073,22
baseline_adaptive,4,True,2.6001849214599324,33.519020654959604,29
baseline_adaptive,5,True,2.5987463955181416,38.51215077098459,36
productive_lr,0,,2.694956319408122,,1
productive_lr,1,True,2.6235803730753875,21.71229339693673,11
productive_lr,2,True,2.599263385093617,29.949017653008923,21
productive_lr,3,True,2.598416241631095,36.95381046994589,29
productive_lr,4,True,2.598388316180196,43.09681439609267,35
productive_lr,5,True,2.5983872057934105,47.27145458594896,40
productive_momentum,0,,2.694956319408122,,1
productive_momentum,1,True,2.6235803730753875,21.595560868969187,11
productive_momentum,2,True,2.599263385093617,29.830979637103155,21
productive_momentum,3,True,2.598416241631095,37.58832739293575,30
productive_momentum,4,True,2.598388316180196,44.154141339007765,37
productive_momentum,5,True,2.5983871553103444,49.11761423596181,43
